日期,时间,年份,月份,国家,省份,城市,地点,姓名,性别,身份证号,出生日期,手机号,座机号/传真,政治面貌,民族,学历,专业,公司,公司性质,职位,uuid/硬件标识,邮箱,哈希值,域名,ipv4地址,ipv6地址,mac地址,url,用户代理(user_agent),车牌号,信用卡号,银行名称,组织机构代码,统一社会信用代码
2018/2,02-26 01:31,1970年,8月,中途岛,陕西省,上海市,甘肃省凤英县山亭宋街n座,张佳,m,411327194808089821,08月08日,133-0048-4507,0717-958-161,共青团员,汉族,非全日制普通博士研究生,老挝语,良诺信息有限公司,科技有限公司,渠道/分销专员,6fe86dfc-f33e-41d1-b0e8-2e446fbe5bae,chenwei@example.org,f4d7f941abe9f962e84c65d1d3ab007cc01c6fdf,28.cn,47.214.47.57,545f:3882:38a0:e088:9cf7:36f3:9c17:d6c5,f1:ae:e4:eb:ab:c2,https://dummyimage.com/580x80,"Mozilla/5.0 (iPhone; CPU iPhone OS 9_3_6 like Mac OS X) AppleWebKit/533.1 (KHTML, like Gecko) FxiOS/10.4j5818.0 Mobile/28I288 Safari/533.1",蒙P L19Y2,213114091775710,杭州市商业银行,15964646-0,914401152226193867
六月十一日,1981-06-11 06:28:01,2006年,4月,中国,上海市,天津市,澳门特别行政区楠县城东董街408号,吕欢,男,511724198107107593,1981年07月10日,86 181 0015 7592,0835-8567-2537,中共预备党员,汉族,自考,广告学,彩虹,网络有限公司,环保检测,b68460a3-3d3c-497f-8c66-2dc3d4fbe23f,yangyuan@example.com,87743512b2f62806a555f0666b035ffc,cy.org,218.64.183.172,c96e:9b67:3368:dbdf:5fb0:f724:9c48:1b3b,3a:1b:9a:f5:05:67,https://placekitten.com/233/187,"Mozilla/5.0 (iPhone; CPU iPhone OS 6_1_6 like Mac OS X) AppleWebKit/533.1 (KHTML, like Gecko) CriOS/32.0.866.0 Mobile/38Y599 Safari/533.1",京F4DQ523,6522241613483862,中国人民银行,78839728-4,9214021414730333AT
3-14,1998-03-14 15:16,1987,4月,中国,重庆市,重庆市,澳门特别行政区建市金平徐路7144号,张伟,男,140201199207275140,1992 07 27,86188-5788-2253,0755-7108-430,致公党党员,汉族,电大,曲艺,鸿睿思博,传媒有限公司,医疗器械生产/质量管理,f346c0e8-fb23-41ef-9112-6fa155efb314,jing13@example.net,088369ab982b540096fef472ac9f3990,weihao.net,107.75.165.145,b44a:f87:6d08:fba2:cf83:a6f8:a9d0:f647,47:c7:96:3a:9d:03,http://www.qiaoyang.cn/,"Mozilla/5.0 (iPhone; CPU iPhone OS 6_1_6 like Mac OS X) AppleWebKit/531.2 (KHTML, like Gecko) CriOS/33.0.868.0 Mobile/49Q340 Safari/531.2",豫F-ZQX90,575262037295,中国人民银行,44133429-2,9136042435593497AX
一九七八年三月,1978/03/01 17:02,1984,October,中国,香港特别行政区,青海省东莞市,甘肃省欣县秀英黄路1198号,王丽华,F,140428194904063045,04 06,+86 130 3893 8917,0394 8927 7492,党员,汉族,自考,实验艺术,创亿,网络有限公司,供应链总监,4220e70f-4f51-4b4a-93ff-4658adf45578,ixue@example.org,73e87acfad2207dce738a3529d3da93ab08010536e68c18af5015436da617c1d,tang.cn,138.253.196.150,bc4e:e3f1:5f9f:98c7:a321:3cb:1a5e:7fe0,04:89:ea:a3:28:3f,https://placeimg.com/204/29/any,"Mozilla/5.0 (Windows 98) AppleWebKit/531.1 (KHTML, like Gecko) Chrome/22.0.807.0 Safari/531.1",苏Y 7T3ZU,180028483528744,威海富民村镇银行,46358369-5,93110118547866764M
二零一二年八月,08-11 15:55,2021,June,卡塔尔,山东省,福建省佛山市,香港特别行政区玉兰市合川哈尔滨街4205号,管欣,F,522301194204067456,04/06,86159-4917-3714,045931551490,党员,满族,自考,跨境电子商务,时刻,信息有限公司,行长/副行长,296dd6d2-5bee-49af-a6ce-3981a1b413ba,ming28@example.net,36a69b46d4737320384458582df449405590c743206dc46c0d4f94c0559d8632,02.cn,139.92.115.229,7e80:6eca:45f8:4225:b468:d799:f2da:f211,03:04:b2:11:b9:64,http://jingqiang.cn/,Opera/8.75.(Windows 98; Win 9x 4.90; en-GB) Presto/2.9.182 Version/11.00,青F-5RKL4C,30465663409182,华夏银行,85286979-3,91620923618127345X
1973-4-13,22时7分7秒,1983年,五月,中国,辽宁省,青海省武汉市,江西省阜新县高明济南街S座,王凤兰,Female,410801196507257045,07 25,+86131 6988 3555,0933-1152-4534,党员,汉族,高中,藏药学,创亿,信息有限公司,西点师,6a33b6d1-5b7b-4b61-bac4-9e1084cf419d,zgu@example.net,5a65301bcb030c5c701204c8e95ac4276e9adcfe7bdfc13766249b0283875822,75.cn,100.146.153.11,eceb:1dac:6d33:1f:9645:5d6a:c92d:9d43,03:06:56:b6:f8:a4,https://placeimg.com/899/33/any,"Mozilla/5.0 (iPhone; CPU iPhone OS 10_3_3 like Mac OS X) AppleWebKit/531.2 (KHTML, like Gecko) CriOS/27.0.850.0 Mobile/08X640 Safari/531.2",晋W-L8BV3,5185258956919096,华夏银行,18888367-6,93210682311299177F
2004年8月,2004-08-27 23:39,2006年,3月,中国,江苏省,陕西省建军市,河北省拉萨县南长成都路8720号,陈杨,男,360829198905276322,1989-05-27,86188 3974 7152,0411-619-902,群众,汉族,函授,表演,方正科技,传媒有限公司,奢侈品业务,3945cd4f-8dfc-4e89-88a5-09fe515f2f84,zhujuan@example.net,bdc6046de80dd4e6207786b489c02e8ef91cd63f,gf.cn,170.144.61.100,f54d:90ab:bde9:4380:9249:c321:c77e:d7b6,06:b2:78:e1:d1:04,https://yanxue.cn/,Opera/8.22.(Windows CE; fur-IT) Presto/2.9.162 Version/10.00,京RH7Z492,180091355766529,花旗(台湾)银行,93435372-3,931506274693341981
2011年10月,10 05 15:46:50,1995年,二月,马尔代夫,辽宁省,广西壮族自治区洁市,浙江省邯郸市浔阳沈阳路e座,尹鑫,M,654226196706029769,06-02,147 9726 6590,03358018793,共青团员,汉族,自考,电影制作,南康网络有限公司,网络有限公司,合规经理,225c5cfe-b602-48f8-8ef0-d10efa568144,tangjuan@example.org,63bd0c6de8b0b9f1309a7ebe7cd11032e3ed3c14,maoxie.cn,91.146.209.186,e2ef:c01f:5c3f:f5d:5b50:afa:389c:8ab1,a2:ab:2e:2e:4e:ee,https://dummyimage.com/953x463,Mozilla/5.0 (Windows NT 5.2; bn-IN; rv:1.9.0.20) Gecko/7867-08-22 00:57:12 Firefox/3.8,陕T-1WKX6J,2286622981431226,宁波银行,19624663-4,91410222215903485U
11 12,1997-11-12 22:07:49,1979年,二月,中国,山东省,贵州省宜都市,上海市哈尔滨市江北杨街H座,蔡峰,Male,451223651231293,12-31,8613786705492,051745226298,群众,汉族,全日制硕士,光源与照明,太极,传媒有限公司,项目总监,2c90409f-618a-45ca-83a4-80b8e97d704d,xiuying00@example.org,d5fb1f8c2ee22cc4a4619bed58df3324,68.cn,115.74.131.129,dec:d994:e721:3811:6a37:2863:faa8:6853,69:f0:15:3a:66:64,https://placekitten.com/448/205,Opera/9.28.(Windows CE; si-LK) Presto/2.9.188 Version/10.00,甘D4DCATJ,4452485280521113051,承德银行,72553273-3,934117223082565982
2/26,2019-02-26 07:46:32,2008年,5月,中国,湖北省,内蒙古自治区东莞市,贵州省柳州市海陵李街,丁波,m,130432200304278932,04 27,+86 185 9861 8011,07184152068,共青团员,瑶族,普通本科,水族科学与技术,明腾网络有限公司,传媒有限公司,项目经理/主管,ace1f391-12e4-4c34-85a3-7c98945d23ad,mingdai@example.net,01affca75cec60ccb6f44dd7cd88c835fbba1883086aa90176008005d84ff876,09.cn,98.218.40.52,1c0c:f4e7:8726:e5e5:87e7:d0e6:70ce:d267,a8:e4:7a:9c:31:c4,https://placeimg.com/554/60/any,"Mozilla/5.0 (Windows; U; Windows CE) AppleWebKit/535.8.2 (KHTML, like Gecko) Version/5.1 Safari/535.8.2",黑WLPVJ4,2508174806392045,杭州市商业银行,26492946-2,9246020353072169AU
七月一十六日,1990年7月16日 07:23:35,1990年,7月,圣文森特岛,海南省,江西省六盘水市,山西省桂荣市龙潭瞿街,伍勇,M,140223200104268697,04/26,8614575633267,0893 7337 393,中共党员,汉族,非全日制普通职高,药学,同兴万点网络有限公司,科技有限公司,语音/视频/图形开发工程师,ed3f1313-c7f3-4f57-82ec-dc446e8099d0,ming99@example.net,afdd0a4b285c46254a6614eb78e4cd6a,taozheng.net,133.32.129.63,9bce:d0d4:e23:2d55:dcfc:c0a0:d8dc:d5de,4a:59:f2:47:c2:9e,https://placekitten.com/880/345,"Mozilla/5.0 (Macintosh; PPC Mac OS X 10_5_8) AppleWebKit/533.2 (KHTML, like Gecko) Chrome/23.0.830.0 Safari/533.2",粤TX5TK4,4776162854475086,广州农村商业银行,89377614-7,91450481914622009C
1988年1月,一月一十四日二十二时十三分十一秒,1981,November,乍得,黑龙江省,新疆维吾尔自治区香港市,云南省南宁县高港郑州街4712号,温飞,m,360926960206030,02/06,+86 14597726156,0375 3605 3985,群众,汉族,非全日制普通职业高中,马耳他语,网新恒天,科技有限公司,猎头/人才中介,c6a4440c-b713-45ce-9f83-c5fd174d8898,smo@example.com,f8c61ab00ce12af91db8b55c7b1bd684be4ee8ad83e11bb0bc0fc7ff4fa995f3,dr.net,206.34.140.136,7781:b821:3f1f:c0de:35f3:1bf0:7497:ad57,00:08:c3:1c:c1:5f,http://www.guxiong.net/,Opera/9.26.(X11; Linux x86_64; hak-TW) Presto/2.9.172 Version/11.00,沪CBQ0J8,4438391622154,南昌市商业银行,15628666-6,91410781484574093A
1991-09,09 22 20:40:48,1979年,四月,中国,广西壮族自治区,浙江省沈阳市,山西省芳市闵行济南街4469号,庞亮,m,410204196809099835,09 09,151 1769 1252,0555-802-509,共青团员,汉族,函授,地球物理学,思优,科技有限公司,大客户销售,7ba3fced-db41-4fa8-844e-3bf6a7f47752,jinglai@example.net,0bd3781c3ecff13ed117fc7d5a079aada6b7bed8,pingxia.cn,66.227.102.189,e35f:8e0d:5505:d0f6:85e0:b81:bb10:2cd8,5b:c9:27:a2:7c:be,http://www.dong.cn/,Mozilla/5.0 (Macintosh; PPC Mac OS X 10_12_5; rv:1.9.4.20) Gecko/7752-02-18 04:59:00 Firefox/15.0,晋G-BY3RG,4648064003907405,哈尔滨银行,42985359-1,91130922446527384G
一月二十一日,一九九四年一月二十一日零时十六分五十五秒,1996,8月,中国,甘肃省,西藏自治区北京市,甘肃省海口市永川荆门路,刘俊,男,220802199310200517,10-20,+86136-2155-6916,852437882,党员,汉族,全日制普通初中,森林工程,襄樊地球村,科技有限公司,审计专员/助理,4e533c63-5696-4a9d-9ac1-271a4add3e71,pingshi@example.org,b8b2c6c1d8746f3e379c317cdb1df216ca1245a3170cb87e96302664c0de636e,kong.cn,122.9.253.22,8a8:af9b:7498:f0d6:8ebd:636f:b9ef:c504,e4:3a:8c:59:bb:87,https://placeimg.com/859/143/any,Opera/8.67.(Windows CE; doi-IN) Presto/2.9.177 Version/12.00,鲁P-J1C8W,502020720418,徽商银行,84275815-X,9345098187501806AL
2012年09月,2012-09-04 00:27,2008年,12月,芬兰,北京市,浙江省关岭市,天津市秀梅县崇文潮州路9729号,曹玲,女,532822197606222476,06月22日,86 150-0220-2669,0887 5529 358,党员,汉族,非全日制普通中等专业,功能材料,毕博诚,传媒有限公司,钻工,a6e7b112-0915-4614-a4fd-c9b40e85fea1,wei88@example.org,984e40c2d2483b67f5c4e5959713db2e8910548453fa27e102ad632b9a477c91,jun.cn,189.188.172.121,bb8:4f67:56d6:30d4:d668:f3bd:8535:61f9,b6:01:11:c8:53:4e,https://placekitten.com/410/390,Opera/9.11.(X11; Linux i686; cs-CZ) Presto/2.9.160 Version/10.00,青TUX7SV,3555941352854838,欧力士银行,42933983-2,93500229298032442U
1980年08月7日,一十三时十五分三十九秒,1994,5月,中国,西藏自治区,台湾省琳市,江苏省凤英市友好姜路7253号,孙柳,女,220201196411051992,11 05,+86157-2111-9231,08993796217,民革党员,汉族,普通中等专业,经济林,方正科技科技有限公司,科技有限公司,其他,f9ae7f1f-2233-405a-b46a-acaedc132e1a,haoxia@example.org,388ca40aeaa7c151f940b3ae9c855bb02432559f5224c5c2c20516cc356d5647,gang.org,19.248.69.87,1885:cce5:8b0e:a7ba:e06f:13:11a1:3e2c,d2:42:e9:c7:dd:5f,https://picsum.photos/324/526,"Mozilla/5.0 (Macintosh; PPC Mac OS X 10_12_6 rv:5.0; fy-NL) AppleWebKit/532.7.2 (KHTML, like Gecko) Version/4.0.2 Safari/532.7.2",闽D-Z0XSW,213132395335841,中国建设银行(亚洲),59824255-6,9333041168171792AU
1979/4/17,21:30,2012,6月,津巴布韦,宁夏回族自治区,天津市,江西省南宁县长寿胡路o座,刘秀云,Female,610630481210552,12/10,+8613656842022,0872-3067-337,党员,汉族,自考,哈萨克语,信诚致远传媒有限公司,科技有限公司,项目经理/主管,46fc2d7a-dd24-4497-86e1-ab1477c12676,leimo@example.com,41b92ac84c5d593abcd8a58a6e59b4dd23e6c0f1,35.cn,88.233.114.244,435c:8c62:afe2:c08e:cda8:db11:a9f7:f965,2b:45:75:19:5d:79,https://www.na.net/,"Mozilla/5.0 (iPod; U; CPU iPhone OS 4_2 like Mac OS X; tcy-IN) AppleWebKit/534.46.5 (KHTML, like Gecko) Version/4.0.5 Mobile/8B114 Safari/6534.46.5",吉U-Z4A6X,4336050044527358,交通银行,97361494-9,93511024160643953M
2012/12/25,五时四十四分,1973年,2月,埃塞俄比亚,河北省,浙江省桂芳市,甘肃省建军县海陵洪街8681号,宗敏,女,530124510722510,1951/07/22,151 7545 7879,04573130256,民进会员,汉族,电大,芬兰语,海创,网络有限公司,监察人员,96aafdf3-5b81-46b4-a13a-0ee8355fabcf,songwei@example.com,62ec1ef4686d23667a92cc8f39fe899cfc4438a21b9f78c83268dcba93cd9856,yan.cn,4.168.232.142,9cbe:c508:dae:9d03:fa09:be62:1c88:3606,a9:47:bd:65:06:28,http://www.leiming.cn/,Opera/9.80.(Windows NT 10.0; nn-NO) Presto/2.9.165 Version/11.00,云Y5DC6L,676304082065,深圳农村商业银行,83136141-3,9353252352920293AM
10 20,1971年10月20日 03:20:36,1979年,一月,中国,广东省,黑龙江省东莞市,山西省潜江市高港张路2764号,陈艳,女,513333193408214767,08月21日,137 2413 0936,0418 9257 5327,预备党员,汉族,全日制普通高职,轻化工程,方正科技,网络有限公司,激光/光电子技术,f2fc6965-f48b-4df0-94cd-e2fc2febbceb,duanjie@example.com,2fab9bb131be4a358b24809ffa951cc070c79f6b014bb45cf4d49b4b7f780a2f,gw.net,14.214.238.57,5b31:58a3:e980:41bf:4ace:3ed9:a7f3:6b9e,2c:50:9b:75:70:f8,https://www.meng.cn/,Mozilla/5.0 (compatible; MSIE 5.0; Windows 98; Win 9x 4.90; Trident/3.1),陕B 3YTE4,377105089692927,深圳农村商业银行,74978481-2,91110102181073427W
1990 8,8月20日 19:16:58,1981,4月,柬埔塞,福建省,海南省长春市,安徽省西宁市牧野徐路,邢丽丽,F,150101199803219651,1998年03月21日,+86 132 0994 9478,0561 378 9705,中共党员,汉族,全日制普通高中,乌兹别克语,富罳,信息有限公司,风险管理/控制,5880a9b2-cb64-4160-9064-765a15cae4c1,lei80@example.com,96df305aac9e118ec22d6ab5ce69d73988379fa332cfceada4d803a36767e65c,laixue.cn,60.195.202.115,be62:33f8:4b00:69d3:1061:190:f4a8:f80b,ef:e7:77:94:c6:10,https://placekitten.com/581/186,"Mozilla/5.0 (iPod; U; CPU iPhone OS 3_0 like Mac OS X; ht-HT) AppleWebKit/534.44.1 (KHTML, like Gecko) Version/3.0.5 Mobile/8B114 Safari/6534.44.1",湘V-ZL0RC,4112933840067,成都市商业银行,81957444-0,934690222120105345
2012年4月,2012/04/13 12:32,1975年,8月,中国,河北省,北京市,山西省桂荣市滨城昆明街3754号,张海燕,女,220702880926329,09/26,86153-7694-0527,020-7180-982,共青团员,汉族,普通硕士,纳米材料与技术,恒聪百汇传媒有限公司,科技有限公司,电梯工,e0184615-4ed3-494d-8d62-a5b231244b0e,hye@example.net,df35b33d85be5610a3be377333a5b5ce,jiezhang.cn,53.137.99.181,4539:1204:5dfd:a29c:478:a273:f314:7e1f,d9:5c:24:01:6e:33,https://www.29.net/,"Mozilla/5.0 (X11; Linux x86_64) AppleWebKit/531.2 (KHTML, like Gecko) Chrome/53.0.813.0 Safari/531.2",川KL0CU2,38231238029687,中国建设银行,52177199-4,91522722126061431D
9 01,1977 09 01 03:27,2004,May,中国,云南省,重庆市,香港特别行政区艳县江北巢湖街,陈秀梅,女,140728199907196109,1999/07/19,86 147 3502 3053,0856 346 991,预备党员,汉族,普通博士研究生,新媒体艺术,四通传媒有限公司,科技有限公司,其他,562a9b6e-a99a-4667-a93e-8093cf65a314,qwu@example.com,bd1861d239dc5974f5c10ee834391579,mingqiang.cn,100.191.213.141,3195:3217:eaaa:e54c:d6cf:bee3:1d60:7d1e,30:37:00:03:36:2f,https://placekitten.com/781/922,Mozilla/5.0 (Android 3.0; Mobile; rv:45.0) Gecko/45.0 Firefox/45.0,宁CL5SGXR,4159288387970,满地可银行,34699994-X,93620721667295812Y
07月01日,1973/07/01 21:13:28,1992,一月,格鲁吉亚,广西壮族自治区,上海市,福建省永安市房山刘路1617号,李宇,男,220203196506099529,06/09,86 150-1588-0186,0722 328 397,党员,满族,高级中学,白俄罗斯语,合联电子信息有限公司,传媒有限公司,复卷工,c5b457d3-9b11-4ad5-bb4b-88844c2556dc,gangluo@example.com,c59c0afa932c3f4bd1eaf2561b6d07dde0bc6ddf055869ee1e7484252191696b,ed.cn,143.109.155.167,d6a6:7eb7:c3fc:a91e:c3b3:4f65:dd13:586d,71:a4:96:93:58:83,https://duan.cn/,Opera/8.81.(Windows NT 5.01; tcy-IN) Presto/2.9.164 Version/12.00,藏J 1FNUT4,213195360758933,成都市商业银行,39572164-5,9313052681252276B4
1978年11月,11月21日 09:50:29,2017,十二月,巴拉圭,河北省,北京市,海南省南昌市萧山太原街2280号,冯帆,m,640400193407016536,07月01日,+86152 9886 1196,0433 444 901,党员,汉族,网络教育,哈萨克语,巨奥信息有限公司,信息有限公司,生鲜食品加工/处理,fa099799-73a0-43c4-8e23-df093a0c75b1,suntao@example.com,2fe7ef540b9238d91256b70847eae363e6a58c0b,if.cn,179.63.225.205,6448:7f18:1d40:ba05:906c:8247:877e:864c,49:10:06:24:83:f4,https://placekitten.com/456/410,Opera/8.91.(Windows NT 5.2; dz-BT) Presto/2.9.184 Version/10.00,沪Z QM8AU,501847660658,十堰农村商业银行,21852632-0,912311818968176023
2017/12,二零一七年十二月八日一十二时四十三分,2007,May,中国,辽宁省,澳门特别行政区深圳市,青海省淑兰县丰都西安路n座,陶玉梅,f,460205510405579,04/05,+8613388757247,0248849184,共青团员,汉族,全日制普通专科,服务科学与工程,凌颖信息信息有限公司,网络有限公司,活动策划,5ad3905c-ab45-466c-a104-bba4d0c6e296,weili@example.com,180e54519839ee54a90d990c3ac62d867e4bd77db4d83de60e2c0c5abbccb501,duanlai.cn,134.253.243.155,6255:6b20:fbcf:84df:ecb0:6508:634:6f97,ed:7b:d2:8f:7d:b0,https://placekitten.com/680/38,Opera/8.91.(X11; Linux i686; aa-ER) Presto/2.9.167 Version/12.00,宁B J2Q6Y,3556778499069709,德意志银行,56952496-8,91410823450647573U
7月8日,1993 07 08 09:55:36,2018,5月,中国,浙江省,广东省永安市,安徽省洁县山亭崔街1155号,徐军,男,542422196502245740,02-24,86 189-2136-2653,0718-6508-8897,共青团员,汉族,全日制职业高中,宗教学,维旺明,网络有限公司,其他,e0e087cd-614a-48b9-ab01-5d56ef0d2154,xia93@example.org,85cf79d92e1a510459678df4e8f1c59f,nl.cn,79.248.121.208,2d3:f306:9032:f736:458d:8e97:d3e7:9c4a,d5:fb:4f:fe:3e:d3,https://placeimg.com/658/690/any,Opera/9.13.(X11; Linux x86_64; mi-NZ) Presto/2.9.179 Version/11.00,闽S YN8JC,6011211864915456,承德银行,85533456-7,9315062197925194AT
3月30日,二零零九年三月三十日十七时三十八分,2015,十一月,古巴,天津市,江苏省海门市,香港特别行政区欢市南溪王路1641号,张淑华,女,130301194710229118,10/22,+86182 6722 1904,05751136417,预备党员,维吾尔族,非全日制普通小学,数字媒体技术,天开,网络有限公司,送餐员,5ba17b9c-c152-4b49-906d-4b007958fb49,xiuyingxu@example.com,ae248339e599f67d4fe6259ecab521a0,96.net,35.35.45.60,af23:aebf:87e4:74f9:89b:218a:8a46:8f2c,4a:64:9d:b0:1a:6a,https://fang.cn/,Opera/9.29.(Windows NT 5.1; bhb-IN) Presto/2.9.163 Version/12.00,川LRP8Y1D,3588712569395209,天津银行,19349366-4,9254052936473569AC
04月27日,2013-04-27 12:06,1990年,10月,百慕大群岛,西藏自治区,山西省帆市,陕西省张家港市怀柔邯郸路,李东,男,411102196705293062,05/29,8618264961540,07147317863,党员,汉族,夜大,轮机工程,彩虹传媒有限公司,信息有限公司,咖啡师,6eab4490-2a2e-4d2e-8118-989152e8eacb,yixia@example.com,e897870d3cd147e8d269645b42e746ff,taomao.cn,176.136.193.221,8017:f30a:438a:c510:f970:1fec:1ab2:57e,8d:c8:a6:12:77:d9,https://picsum.photos/1011/817,Mozilla/5.0 (compatible; MSIE 9.0; Windows 98; Win 9x 4.90; Trident/3.0),新VWQES8,345301813408727,济南市商业银行,82855563-9,9363252587577952BX
六月二十一日,1986年06月21日 17:54:09,1990年,5月,保加利亚,浙江省,青海省杭州市,广西壮族自治区西安县秀英崔路3082号,张兵,m,441400199606177894,06 17,+86139-2455-8776,07902738014,中共党员,汉族,函授,公安情报学,浙大万朋信息有限公司,信息有限公司,行程管理/计调,9657f078-28b9-4da6-b4fa-c0d4e9ba76c2,yongwu@example.com,1c112feb9a46131f88d51b395a8461d050f51eb757053de4cd30748c9b38e2f6,de.cn,30.222.3.43,2ffa:dadc:d8cb:823a:66cb:a750:e314:4db,79:1d:8a:66:ee:69,http://www.jinghan.cn/,Mozilla/5.0 (compatible; MSIE 8.0; Windows NT 6.0; Trident/5.1),津G-X9MSWA,341468684713248,常熟农村商业银行,59418743-0,91469028587279409W
一九八六年八月三日,二十时二分四十一秒,1976,二月,中国,江西省,湖南省海口市,青海省红县涪城广州路7766号,赵博,m,310230196105084933,05月08日,86 13465276330,0713 644 1660,预备党员,汉族,全日制普通硕士研究生,广播电视编导,思优,信息有限公司,其他,dff12b27-50df-4945-8e1e-8c0dbd64a5c5,leiliao@example.com,5c33f521d31fb18443618c709a22de270114610e,kf.com,206.234.56.203,7a22:a31e:d199:a60d:7d64:f53c:387a:ff5,51:ba:26:8c:a9:cc,https://picsum.photos/296/224,Mozilla/5.0 (compatible; MSIE 9.0; Windows 98; Win 9x 4.90; Trident/4.0),藏Y PTD2R,6515915807184472,东亚银行,52757638-0,915120229886421928
2015 01,01月1日19时7分40秒,1985,3月,中国,广西壮族自治区,天津市,宁夏回族自治区梧州市浔阳康路g座,谭华,Male,510122461205750,12月05日,+86158 6609 5504,09106579955,团员,汉族,普通专科,菌物科学与工程,华成育卓科技有限公司,科技有限公司,数码直印/菲林输出,aacf2d7a-348b-4615-b950-a2cf63db8129,fang09@example.net,ac8a5be178189cb87c609674f396c7f9bbc2154da177de92cd3c9e57afc6d8b2,minlai.cn,196.241.118.253,9f5b:de06:9c78:4a00:730a:a51d:dff2:bff2,44:af:05:18:a6:c1,http://www.gangfan.org/,"Mozilla/5.0 (Linux; Android 1.0) AppleWebKit/534.0 (KHTML, like Gecko) Chrome/48.0.839.0 Safari/534.0",黑N-8M06Y,346673164322403,广州农村商业银行,87697514-4,923101067122528474
1974-10-16,12时43分48秒,1974年,November,中国,浙江省,辽宁省林市,甘肃省勇市牧野惠州街,林淑英,Female,421003196405018889,1964年05月01日,+86 13313660901,0756-932-835,群众,汉族,全日制小学,电影制作,诺依曼软件,网络有限公司,麻醉医生,5b19b9fc-f3c4-4739-8fb1-1965e7dfd28a,liyuan@example.org,57d9ed22166acccec3817acecc4a1256b22650c8,ss.com,115.109.159.172,f481:7f86:230:889a:4a3d:a376:6b12:1610,98:af:9a:f9:ce:d7,https://75.cn/,"Mozilla/5.0 (Macintosh; U; Intel Mac OS X 10_8_7 rv:2.0; lo-LA) AppleWebKit/531.45.7 (KHTML, like Gecko) Version/5.1 Safari/531.45.7",赣A-1Q9WRU,676206920404,长沙银行,97746565-3,916230267756402736
1990/5/03,10:00:23,1996年,5月,拉脱维亚,山西省,甘肃省北镇市,江西省红霞市新城巢湖街g座,张红霞,m,350505195209076148,09/07,151 0701 3410,0714 200 662,中共党员,汉族,非全日制初中,机械电子工程,时刻科技有限公司,科技有限公司,饲养员,645f7f82-f583-444e-9966-40757ebc3a92,juansong@example.org,ad69219bf168fd4fbd9fa78d1c04402ec23ca8388e0a4aca0cbbaebf4eb0ba73,75.cn,156.219.217.78,c757:2381:887a:4a8e:47d6:c729:343c:2d86,75:ba:a0:9d:7d:56,https://placeimg.com/790/764/any,Mozilla/5.0 (Android 7.0; Mobile; rv:25.0) Gecko/25.0 Firefox/25.0,吉ATP3XE,4288346998724,重庆银行,64253715-X,92610828171694502D
11 22,2014 11 22 15:37:39,2014年,June,中国,江苏省,陕西省银川市,西藏自治区玉珍县白云郑路,周桂芳,女,140425195110078363,10 07,+86131-1270-4795,0593 2828 3561,党员,回族,普通专科,气象技术与工程,毕博诚,信息有限公司,医药技术研发人员,63b89eb4-7b44-4300-96a7-afbf497c1f10,xiangtao@example.net,2c659be1891c5f28a72b349da300ce3cc5cc508bad483c9d05e7ee67c78bb2ee,qiangqian.cn,76.203.182.155,64cb:ba9a:271c:c7a9:59dc:11ec:50b1:d901,f3:8d:d3:f1:57:5b,https://dummyimage.com/82x910,"Mozilla/5.0 (Windows NT 5.01) AppleWebKit/533.0 (KHTML, like Gecko) Chrome/19.0.871.0 Safari/533.0",浙T1FSNZ,2243834845564199,廊坊融商村镇银行,78449678-7,933213243203294545
12月09日,2006/12/09 10:43:17,2004,4月,中国,云南省,安徽省瑜市,山东省惠州市永川张家港街K座,吴荣,Female,52052419571002502X,1957/10/02,86 136 3334 1178,07665482808,群众,汉族,全日制硕士,焊接技术与工程,天开,信息有限公司,美容店长,6e1cdfdf-4b62-4226-afd0-6dcb9492f25d,yong73@example.net,5c178bacbf220c5999ca3a1a91a5d96e,junfang.cn,157.191.178.184,7c96:8320:502f:493f:caae:3d0b:37ad:a8b2,d5:e4:cb:6d:ea:dd,https://www.wei.cn/,Mozilla/5.0 (compatible; MSIE 5.0; Windows 98; Trident/4.1),新F-P9H13A,676152031750,中信银行,14154359-4,92130983939777541U
2005 01,01月20日10时07分,2020年,March,中国,广东省,青海省昆明市,辽宁省桂兰县怀柔聂路q座,崔浩,m,350581194706166648,06/16,+86 130 3616 9599,0557-8815-879,群众,汉族,非全日制普通初级中学,手语翻译,诺依曼软件,科技有限公司,物业维修员,cd4184b4-9927-40e8-bc26-14170adc0041,qiang28@example.org,da56f16a03c1f18b73417a1d46c51316,xiasun.cn,28.34.181.250,f11d:c922:db2d:8d8d:549d:f70e:674d:4dfd,8b:5f:c1:69:ea:20,https://dummyimage.com/125x474,Opera/9.18.(Windows NT 5.01; gl-ES) Presto/2.9.177 Version/11.00,琼V-LQ24Y6,6011962723095977,中国民生银行,43281745-2,915001561369075765
2011年10月,10 04 05:51,1974,9月,中国,浙江省,天津市,上海市婷县清河赵路,徐建军,M,150124195803298173,03 29,+8613667818900,0790946310,普通居民,汉族,全日制专科,大数据管理与应用,新宇龙信息传媒有限公司,信息有限公司,炼胶工,624e8833-c005-4566-ab23-80429f3664ea,caomin@example.com,5b3e440a08f3fc5d425215560cd29e91a20fc8b0,jingchang.cn,198.241.114.10,78ec:19da:c240:e2c9:7d9b:556f:92b7:ab75,a5:70:c2:69:b5:f2,http://www.xiuying.cn/,"Mozilla/5.0 (Linux; Android 5.0.1) AppleWebKit/532.0 (KHTML, like Gecko) Chrome/23.0.853.0 Safari/532.0",皖J-7Q18AP,4382829448651960,惠东惠民村镇银行,25992537-9,933704054515635157
1971/6,6月04日 11:54,2007年,12月,中国,湖北省,重庆市,江苏省张家港市海陵东莞路4118号,鞠秀梅,f,210301195110014118,1951 10 01,+86 151 6091 1869,03928606288,群众,汉族,全日制职业高中,应用心理学,联通时科,网络有限公司,开发报建,f33953bf-5806-448e-8009-a04a47afc50f,songxia@example.com,2e4bc827aff2068c50de9bbd9935b693342ebca0eb5279f01f3ac4ca0aa7a6a8,xia.cn,214.114.197.83,fcdc:212b:88b3:ea9:46d8:3875:5fa7:8e2c,12:5e:de:a4:7d:49,http://www.hu.cn/,Opera/9.26.(X11; Linux x86_64; wa-BE) Presto/2.9.175 Version/10.00,琼N083KZ,4309150899103,海门农村商业银行,71196615-1,926105257677148183
一九七八年十月,10-06 07:40:02,1978年,一月,马拉维,上海市,云南省呼和浩特市,台湾省辛集县沈北新沈阳街,余云,F,360200194711065419,11-06,86 185-6052-8004,04111541993,群众,汉族,非全日制博士研究生,电子信息科学与技术,和泰,科技有限公司,电话销售,97f381d3-a08d-4e6b-a215-bf165f4ab9d2,yangzhang@example.org,7ab758f40e345b7e91fff3ed0b240b6c,ut.cn,159.192.163.238,59a:1457:4e88:a023:d49f:1939:ed19:3bb6,c8:bd:61:de:a6:48,http://ob.com/,"Mozilla/5.0 (X11; Linux x86_64) AppleWebKit/534.2 (KHTML, like Gecko) Chrome/44.0.855.0 Safari/534.2",湘XSN3LU,213179349399407,承德银行,26165584-9,933602039203646831
3月14日,一九八零年三月一十四日一十一时五分,1996,八月,中国,澳门特别行政区,广东省慧市,新疆维吾尔自治区邯郸县吉区南宁街,时桂珍,Female,441821195901036563,01-03,+86145-0177-7367,0883 606 533,民进会员,汉族,非全日制初级中学,材料化学,昂歌信息科技有限公司,传媒有限公司,保镖,b47aaba7-f1f2-435b-bb4e-ea69c720c778,sxia@example.net,e3d0b2a406fbe51e343561ff8498d253800b12b9,xiulanchang.cn,112.81.56.18,3049:8938:3694:88fc:8dde:ae6c:ca5d:a685,0a:39:4c:09:8b:65,http://xiuying.cn/,Opera/8.25.(Windows NT 6.2; lzh-TW) Presto/2.9.179 Version/11.00,鲁N-4CZBTD,213153493048318,青岛市商业银行,88556611-5,9151072550031753B1
11-30,1973年11月30日5时51分,1999年,八月,科克群岛,澳门特别行政区,广西壮族自治区帅市,云南省佛山县合川东莞路,吴红梅,女,110200381004400,10月04日,86 159 1872 9080,0572532260,群众,汉族,自考,标准化工程,立信电子,传媒有限公司,光源与照明工程,3b5988bc-82a5-4676-9970-79a2c2fd4186,mingu@example.com,a34f7f630b0147d2123a0d3c550f1ddd4b359f8e,jiegang.cn,34.167.132.19,462a:ea0e:4904:6780:9145:ec8d:8450:fec3,33:05:83:75:fd:f4,https://51.cn/,"Mozilla/5.0 (iPod; U; CPU iPhone OS 4_2 like Mac OS X; fy-NL) AppleWebKit/531.40.7 (KHTML, like Gecko) Version/3.0.5 Mobile/8B113 Safari/6531.40.7",藏D-9F8BL,4360225319502,荷兰银行,39347978-7,92410204132108339X
一九九一年二月,02 20 02:42:48,1997年,四月,中国,湖北省,广东省杰市,江苏省金凤县花溪重庆路3063号,毛欣,女,371402001020198,2000-10-20,86 145-8135-9569,04746137435,党员,汉族,全日制小学,储能科学与工程,趋势信息有限公司,网络有限公司,电气/电器工程师,04ae50d7-ca9e-444b-85fb-703509ca9f38,jingpan@example.org,52b9b9c64ca5a6aa285d10bc03166137611a7b55c3628ea7808362d707f7eb26,00.cn,208.46.123.248,f8e2:1c00:f667:2a48:c3c3:a67f:c609:c12,4f:00:f0:5a:be:69,https://www.xia.cn/,"Mozilla/5.0 (Windows; U; Windows CE) AppleWebKit/532.42.5 (KHTML, like Gecko) Version/5.0.5 Safari/532.42.5",皖B-B5DYEJ,4315659790512870,江南农村商业银行,66924814-7,91230205436240339W
1986/08,08月8日23时53分,1979年,December,斯洛伐克,甘肃省,陕西省建国市,辽宁省旭市滨城通辽路350号,张兰英,女,220821800330996,03/30,86 159 9844 5186,0719 177 471,共青团员,汉族,普通初中,实验艺术,联通时科科技有限公司,传媒有限公司,其他,9c07d9a6-6051-4ce8-b0de-523004a482dc,jingwu@example.net,d63bf833fb64767f80ef445725cc3b27,ye.cn,93.161.37.152,3c61:714f:826:916b:3f4f:582b:d393:3e87,8e:c2:8b:07:74:bb,https://pinghuang.cn/,"Mozilla/5.0 (Windows 98; Win 9x 4.90) AppleWebKit/531.1 (KHTML, like Gecko) Chrome/43.0.811.0 Safari/531.1",藏DB1SLC,348362039147900,交通银行,54198688-8,933602228491540253
三月一十六日,1982/03/16 23:51:34,1979年,九月,缅甸,贵州省,澳门特别行政区彬市,四川省淮安县丰都王路2046号,彭勇,m,210100195410155329,1954 10 15,+86 155-4338-4151,0751-9453-3455,团员,汉族,非全日制硕士研究生,航空服务艺术与管理,创联世纪信息有限公司,传媒有限公司,环保检测,928b2ec2-6f0b-4951-95ba-1ea5290ac9af,longming@example.net,bc4c9f4206b90fea3adcbe8ff34481619e306900,hanzhong.net,2.112.201.80,8c4c:f5c0:10af:61cb:b564:55d3:a83f:32ff,1f:20:6e:14:11:98,https://placeimg.com/493/182/any,Mozilla/5.0 (compatible; MSIE 8.0; Windows NT 5.01; Trident/5.0),渝X KYWX1,6522781801024325,中国工商银行,29879761-3,92120105167593792F
04月27日,2006 04 27 21:49:33,2011,4月,埃塞俄比亚,宁夏回族自治区,吉林省南昌市,陕西省嘉禾县南溪彭路8950号,窦海燕,女,230184350102794,01月02日,86 134-8523-7066,0751-4046-551,群众,汉族,自考,微机电系统工程,浙大万朋信息有限公司,网络有限公司,网站运营经理/主管,3f187d49-369b-4718-b16a-3861470e594f,hanguiying@example.com,a13a24b9ef8930ec8dab0886cae867d7,al.cn,70.233.15.46,9868:3e42:a5da:8c68:e02b:8cc6:9589:5de2,03:70:82:ef:56:6f,https://placekitten.com/654/5,Opera/9.36.(Windows NT 5.1; it-CH) Presto/2.9.163 Version/12.00,闽A-LS1JCY,6562376005496139,深圳发展银行,92912414-1,91130322716464775W
一九七二年一月八日,20:00,1988年,七月,中国,香港特别行政区,江苏省兰州市,浙江省张家港县沙湾陈路6208号,游建,M,21090519420912007X,09-12,13404168628,0472-437-3651,团员,汉族,自考,华文教育,恩悌科技有限公司,网络有限公司,国内贸易人员,ebc6d7dd-9bcc-4e45-b38f-a2f2cb3f5ee9,xiulan07@example.org,fa71277f127346100d70a9f48470de3160885d05,maozhong.cn,92.238.214.233,ceb:aa83:450e:62b5:8d4d:37e8:16d2:bdf6,93:82:3f:a0:77:b2,https://placeimg.com/390/320/any,Opera/9.67.(X11; Linux i686; nl-AW) Presto/2.9.169 Version/10.00,渝S04GD7,3536820732311202,渣打(香港)银行,64778387-8,9146010581450256BA
1987年1月,一九八七年一月二十一日一十八时五十七分,1997年,10月,圣文森特岛,广东省,河南省瑜市,山西省乌鲁木齐市大东嘉禾街a座,傅鹏,M,532532040325534,2004 03 25,+86 18811563753,0768-809-336,共青团员,汉族,普通专科,植物科学与技术,黄石金承,科技有限公司,团购业务员,30a9752b-3711-4cc4-a43c-1ffb5b5439a1,tao86@example.org,4d4454a81af6fa58be0604b28169a1d8,18.cn,137.166.146.175,7e1c:934:f5e:887a:734c:1edf:35b1:48cb,bc:d9:4e:b8:c5:6c,http://www.fangbai.net/,Mozilla/5.0 (Android 3.2.1; Mobile; rv:41.0) Gecko/41.0 Firefox/41.0,鄂H 6YQRW7,4480148543815391,常熟农村商业银行,35737655-3,91232721476800919D
2013年8月,8月1日 16:25,1993年,October,中国,湖南省,广西壮族自治区福州市,青海省小红市海港兴城路,欧琴,Female,340500193802037489,02月03日,+8618916211229,0916-5706-553,党员,汉族,中专,智慧水利,惠派国际公司网络有限公司,网络有限公司,品牌/连锁招商管理,845502c8-92a3-4999-ab77-21cebb376438,yong35@example.com,17e3bebe3b94d6eaad76fc9698080ec7,guiyingchen.org,161.12.17.79,ac1e:5956:dcdf:8a:8dc1:2471:89ca:6d31,6d:72:28:e4:39:c1,http://www.naxiuying.cn/,"Mozilla/5.0 (iPod; U; CPU iPhone OS 3_1 like Mac OS X; crh-UA) AppleWebKit/534.16.4 (KHTML, like Gecko) Version/3.0.5 Mobile/8B111 Safari/6534.16.4",云UVPY4W,2274891776673565,哈尔滨银行,95739164-2,92450503796861462R
2002 08 3,13时42分,2017,10月,瓦努阿图,陕西省,北京市,宁夏回族自治区璐市城东隋街,苏旭,M,520323194008174998,08-17,86 187-6847-6329,0511-2822-191,普通居民,汉族,全日制博士,农业水利工程,戴硕电子,网络有限公司,CNC工程师,bc973432-a387-4a62-b06c-9d83022e67cb,gang58@example.com,8b7df12bf9d29f2d84ec35011015a5f07deb8084cf6f6f7431e65d96892a0cc3,leigang.cn,201.3.104.224,f8a:5a9b:8967:6e47:1c66:7d37:7fa:9e8,59:5e:6b:66:ff:8c,https://yanghuang.cn/,"Mozilla/5.0 (Macintosh; Intel Mac OS X 10_12_7 rv:3.0; ce-RU) AppleWebKit/534.50.3 (KHTML, like Gecko) Version/4.1 Safari/534.50.3",新V-4D6HQ,213124724726915,海门农村商业银行,67794251-8,922306238084755519
2020 02 11,08:06:02,1992年,2月,日本,山东省,澳门特别行政区荆门市,广西壮族自治区六盘水市秀英长沙街o座,潘凤兰,女,411201441029562,10 29,86133-2852-6203,09537401786,共青团员,汉族,非全日制普通初级中学,烹饪与营养教育,思优科技有限公司,传媒有限公司,市场/营销/拓展专员,32157b08-6bda-4761-ba9e-89f2d00a3f52,mzhao@example.net,a38f5bfeecf000cef6dd714aff74680914e859feb359296f9233a6646e7d5720,wuhuang.cn,75.81.214.62,38a6:ff8d:f797:e63c:d23c:5307:14d8:71e6,87:8a:ac:6d:60:2e,http://www.32.cn/,Opera/8.81.(Windows NT 4.0; ts-ZA) Presto/2.9.169 Version/12.00,桂D-MD0KW,4859309291321,汇丰中国银行,24291663-6,912101117701459517
